STATION_NAME,WATERBODY_NAME,STATION_DESC,HUC_CD,ACTIVITY_NO,ACTIVITY_END_DATE,PROJECT_NAME,TSS (mg/L),SC (umho/cm),DOC (mg/L),TP (mg/L),Avg TSS,Avg SC,Avg DOC,Avg TP
LMG-04-0015,Coffee Creek,Mander Road,'040400010403',AB50431,4/5/2022,2022 Reference Sites,3.4,606,4.3,<.05,5,676,4.166666667,<.05
LMG-04-0015,Coffee Creek,Mander Road,'040400010403',AB50789,5/10/2022,2022 Reference Sites,5.8,653,4.7,<.05,,,,
LMG-04-0015,Coffee Creek,Mander Road,'040400010403',AB51315,7/12/2022,2022 Reference Sites,,701,,,,,,
LMG-04-0015,Coffee Creek,Mander Road,'040400010403',AB51716,9/27/2022,2022 Reference Sites,,712,,,,,,
LMG-04-0015,Coffee Creek,Mander Road,'040400010403',AB52445,10/12/2022,2022 Reference Sites,5.8,708,3.5,<.05,,,,
LMG-04-0042,East Branch Little Calumet River,Holmesville Road,'040400010401',AB50432,4/5/2022,2022 Reference Sites,4.7,631,3.8,<.05,3.766666667,634.4,4.3,#DIV/0!
LMG-04-0042,East Branch Little Calumet River,Holmesville Road,'040400010401',AB50790,5/10/2022,2022 Reference Sites,2.6,611,4.8,<.05,,,,
LMG-04-0042,East Branch Little Calumet River,Holmesville Road,'040400010401',AB51317,6/15/2022,2022 Reference Sites,,630,,,,,,
LMG-04-0042,East Branch Little Calumet River,Holmesville Road,'040400010401',AB51718,9/27/2022,2022 Reference Sites,,642,,,,,,
LMG-04-0042,East Branch Little Calumet River,Holmesville Road,'040400010401',AB52446,10/11/2022,2022 Reference Sites,4,658,4.3,<.05,,,,
OBS090-0005,Indian Creek,Brigetta Drive,'051401040403',AB50417,3/29/2022,2022 Reference Sites,1.25,374.2,1.3,<.05,2.85,390.02,1.8,#DIV/0!
OBS090-0005,Indian Creek,Brigetta Drive,'051401040403',AB50536,9/13/2022,2022 Reference Sites,,383.3,,,,,,
OBS090-0005,Indian Creek,Brigetta Drive,'051401040403',AB50621,5/3/2022,2022 Reference Sites,2.6,372.2,1.5,<.05,,,,
OBS090-0005,Indian Creek,Brigetta Drive,'051401040403',AB51708,9/14/2022,2022 Reference Sites,,391,,,,,,
OBS090-0005,Indian Creek,Brigetta Drive,'051401040403',AB52517,9/20/2022,2022 Reference Sites,4.7,429.4,2.6,<.05,,,,
OBS090-0007,Indian Creek,Pleasant Valley Road,'051401040401',AB50415,3/30/2022,2022 Reference Sites,1.25,351.1,1.2,<.05,3.316666667,407.78,1.766666667,#DIV/0!
OBS090-0007,Indian Creek,Pleasant Valley Road,'051401040401',AB50534,8/30/2022,2022 Reference Sites,,433.3,,,,,,
OBS090-0007,Indian Creek,Pleasant Valley Road,'051401040401',AB50619,5/3/2022,2022 Reference Sites,4.7,344.1,1.6,<.05,,,,
OBS090-0007,Indian Creek,Pleasant Valley Road,'051401040401',AB51710,9/20/2022,2022 Reference Sites,,454.9,,,,,,
OBS090-0007,Indian Creek,Pleasant Valley Road,'051401040401',AB52519,9/20/2022,2022 Reference Sites,4,455.5,2.5,<.05,,,,
OBS090-0008,Indian Creek,SR 335,'051401040403',AB50416,3/29/2022,2022 Reference Sites,1.25,366.2,1.3,<.05,2.85,405.2,1.833333333,#DIV/0!
OBS090-0008,Indian Creek,SR 335,'051401040403',AB50535,8/30/2022,2022 Reference Sites,,430.4,,,,,,
OBS090-0008,Indian Creek,SR 335,'051401040403',AB50620,5/3/2022,2022 Reference Sites,4,367.2,1.5,<.05,,,,
OBS090-0008,Indian Creek,SR 335,'051401040403',AB51709,9/20/2022,2022 Reference Sites,,432.1,,,,,,
OBS090-0008,Indian Creek,SR 335,'051401040403',AB52518,9/19/2022,2022 Reference Sites,3.3,430.1,2.7,<.05,,,,
OBS140-0007,Blue River,Clarks Ford Road,'051401040805',AB50410,3/28/2022,2022 Reference Sites,1.25,371.8,1.3,<.05,2.033333333,396.28,1.8,0.056
OBS140-0007,Blue River,Clarks Ford Road,'051401040805',AB50529,9/12/2022,2022 Reference Sites,,393.3,,,,,,
OBS140-0007,Blue River,Clarks Ford Road,'051401040805',AB50614,5/2/2022,2022 Reference Sites,1.25,368,1.4,<.05,,,,
OBS140-0007,Blue River,Clarks Ford Road,'051401040805',AB51712,7/13/2022,2022 Reference Sites,,387,,,,,,
OBS140-0007,Blue River,Clarks Ford Road,'051401040805',AB52521,9/27/2022,2022 Reference Sites,3.6,461.3,2.7,0.056,,,,
OBS140-0010,Blue River,Walk Bottom Road,'051401040805',AB50409,3/28/2022,2022 Reference Sites,1.25,371.8,1.3,<.05,1.8,428.26,1.7,0.055
OBS140-0010,Blue River,Walk Bottom Road,'051401040805',AB50528,8/29/2022,2022 Reference Sites,,492.3,,,,,,
OBS140-0010,Blue River,Walk Bottom Road,'051401040805',AB50613,5/2/2022,2022 Reference Sites,1.25,373.3,1.4,<.05,,,,
OBS140-0010,Blue River,Walk Bottom Road,'051401040805',AB51713,7/13/2022,2022 Reference Sites,,401.9,,,,,,
OBS140-0010,Blue River,Walk Bottom Road,'051401040805',AB52522,9/27/2022,2022 Reference Sites,2.9,502,2.4,0.055,,,,
OBS150-0024,Blue River,Harrison Spring Road,'051401040905',AB50412,3/29/2022,2022 Reference Sites,3.5,367.3,1.4,<.05,4.666666667,410.9,1.9,#DIV/0!
OBS150-0024,Blue River,Harrison Spring Road,'051401040905',AB50531,6/28/2022,2022 Reference Sites,,457.8,,,,,,
OBS150-0024,Blue River,Harrison Spring Road,'051401040905',AB50616,5/2/2022,2022 Reference Sites,4.9,377.8,1.6,<.05,,,,
OBS150-0024,Blue River,Harrison Spring Road,'051401040905',AB51703,9/13/2022,2022 Reference Sites,,396.6,,,,,,
OBS150-0024,Blue River,Harrison Spring Road,'051401040905',AB52516,9/21/2022,2022 Reference Sites,5.6,455,2.7,<.05,,,,
OBS150-0025,Blue River,SR 62,'051401040905',AB50413,3/29/2022,2022 Reference Sites,1.25,378.8,1.4,<.05,3.65,417.48,1.8,#DIV/0!
OBS150-0025,Blue River,SR 62,'051401040905',AB50532,6/29/2022,2022 Reference Sites,,466.8,,,,,,
OBS150-0025,Blue River,SR 62,'051401040905',AB50617,5/3/2022,2022 Reference Sites,4.8,386.7,1.4,<.05,,,,
OBS150-0025,Blue River,SR 62,'051401040905',AB51719,9/13/2022,2022 Reference Sites,,395.6,,,,,,
OBS150-0025,Blue River,SR 62,'051401040905',AB52523,9/21/2022,2022 Reference Sites,4.9,459.5,2.6,<.05,,,,
OBS150-0027,Blue River,Riparian Way,'051401040903',AB50411,3/29/2022,2022 Reference Sites,1.25,371.8,1.4,<.05,2.25,390.8,2,#DIV/0!
OBS150-0027,Blue River,Riparian Way,'051401040903',AB50530,7/25/2022,2022 Reference Sites,,420.1,,,,,,
OBS150-0027,Blue River,Riparian Way,'051401040903',AB50615,5/3/2022,2022 Reference Sites,2.8,371.8,1.5,<.05,,,,
OBS150-0027,Blue River,Riparian Way,'051401040903',AB51697,9/13/2022,2022 Reference Sites,,376.9,,,,,,
OBS150-0027,Blue River,Riparian Way,'051401040903',AB52515,9/27/2022,2022 Reference Sites,2.7,413.4,3.1,<.05,,,,
OBS180-0019,Little Blue River,Park Street,'051401041105',AB50414,3/28/2022,2022 Reference Sites,1.25,288.6,1,<.05,9.366666667,486.96,1.7,0.26
OBS180-0019,Little Blue River,Park Street,'051401041105',AB50533,6/27/2022,2022 Reference Sites,,731,,,,,,
OBS180-0019,Little Blue River,Park Street,'051401041105',AB50618,5/4/2022,2022 Reference Sites,1.25,361.2,1.3,<.05,,,,
OBS180-0019,Little Blue River,Park Street,'051401041105',AB51711,9/12/2022,2022 Reference Sites,,515,,,,,,
OBS180-0019,Little Blue River,Park Street,'051401041105',AB52520,9/26/2022,2022 Reference Sites,25.6,539,2.8,0.26,,,,
OSK070-0018,Fourteenmile Creek,New Market Road,'051401010403',AB50418,3/30/2022,2022 Reference Sites,1.25,362.5,2.2,<.05,1.25,374.78,2.833333333,#DIV/0!
OSK070-0018,Fourteenmile Creek,New Market Road,'051401010403',AB50537,9/14/2022,2022 Reference Sites,,398.2,,,,,,
OSK070-0018,Fourteenmile Creek,New Market Road,'051401010403',AB50622,5/2/2022,2022 Reference Sites,1.25,362.6,2.6,<.05,,,,
OSK070-0018,Fourteenmile Creek,New Market Road,'051401010403',AB51702,9/19/2022,2022 Reference Sites,,371.5,,,,,,
OSK070-0018,Fourteenmile Creek,New Market Road,'051401010403',AB52525,9/19/2022,2022 Reference Sites,1.25,379.1,3.7,<.05,,,,
OSK140-0043,Sinking Fork,Hansberry Road,'051401010804',AB50419,3/30/2022,2022 Reference Sites,1.25,196.7,1.4,<.05,1.25,264.26,2.166666667,#DIV/0!
OSK140-0043,Sinking Fork,Hansberry Road,'051401010804',AB50538,6/28/2022,2022 Reference Sites,,244.5,,,,,,
OSK140-0043,Sinking Fork,Hansberry Road,'051401010804',AB50623,5/2/2022,2022 Reference Sites,1.25,190.8,1.8,<.05,,,,
OSK140-0043,Sinking Fork,Hansberry Road,'051401010804',AB51701,9/19/2022,2022 Reference Sites,,338,,,,,,
OSK140-0043,Sinking Fork,Hansberry Road,'051401010804',AB52524,9/20/2022,2022 Reference Sites,1.25,351.3,3.3,<.05,,,,
UMI020-0019,Iroquois River,Bunkum Road,'071200020305',AB50434,4/5/2022,2022 Reference Sites,7.9,632,6.8,<.05,6.383333333,601.8,7.6,0.083
UMI020-0019,Iroquois River,Bunkum Road,'071200020305',AB50527,7/11/2022,2022 Reference Sites,,604,,,,,,
UMI020-0019,Iroquois River,Bunkum Road,'071200020305',AB50792,5/9/2022,2022 Reference Sites,10,608,8.5,<.05,,,,
UMI020-0019,Iroquois River,Bunkum Road,'071200020305',AB51696,9/28/2022,2022 Reference Sites,,615,,,,,,
UMI020-0019,Iroquois River,Bunkum Road,'071200020305',AB52458,9/12/2022,2022 Reference Sites,1.25,550,7.5,0.083,,,,
UMK130-0072,Spring Run,169th Avenue,'071200011303',AB50433,4/5/2022,2022 Reference Sites,22.4,470.4,6.2,0.056,15.46666667,640.28,5.466666667,0.0625
UMK130-0072,Spring Run,169th Avenue,'071200011303',AB50526,7/11/2022,2022 Reference Sites,,748,,,,,,
UMK130-0072,Spring Run,169th Avenue,'071200011303',AB50791,5/10/2022,2022 Reference Sites,20.6,508,7.1,0.069,,,,
UMK130-0072,Spring Run,169th Avenue,'071200011303',AB51704,9/28/2022,2022 Reference Sites,,725,,,,,,
UMK130-0072,Spring Run,169th Avenue,'071200011303',AB52447,10/12/2022,2022 Reference Sites,3.4,750,3.1,<.05,,,,
WAE020-0032,Tributary of Cole Ditch,CR 400 North,'051201040103',AB50423,4/4/2022,2022 Reference Sites,4.9,528,3.6,<.05,5.733333333,768.2,5.333333333,0.15
WAE020-0032,Tributary of Cole Ditch,CR 400 North,'051201040103',AB50781,5/11/2022,2022 Reference Sites,2.9,546,4.3,<.05,,,,
WAE020-0032,Tributary of Cole Ditch,CR 400 North,'051201040103',AB51314,6/21/2022,2022 Reference Sites,,792,,,,,,
WAE020-0032,Tributary of Cole Ditch,CR 400 North,'051201040103',AB51715,10/4/2022,2022 Reference Sites,,1303,,,,,,
WAE020-0032,Tributary of Cole Ditch,CR 400 North,'051201040103',AB52450,9/14/2022,2022 Reference Sites,9.4,672,8.1,0.15,,,,
WAE020-0038,Blue Babe Branch,Airport Road,'051201040104',AB50424,4/4/2022,2022 Reference Sites,6.6,523,5.8,<.05,5.1,595,7.4,0.072
WAE020-0038,Blue Babe Branch,Airport Road,'051201040104',AB50520,6/21/2022,2022 Reference Sites,,640,,,,,,
WAE020-0038,Blue Babe Branch,Airport Road,'051201040104',AB50782,5/11/2022,2022 Reference Sites,5.7,522,7.3,0.058,,,,
WAE020-0038,Blue Babe Branch,Airport Road,'051201040104',AB51699,10/4/2022,2022 Reference Sites,,655,,,,,,
WAE020-0038,Blue Babe Branch,Airport Road,'051201040104',AB52451,9/14/2022,2022 Reference Sites,3,635,9.1,0.086,,,,
WAE020-0041,Blue River,Cider Mill Road,'051201040103',AB50425,4/5/2022,2022 Reference Sites,11.4,560,8.2,<.05,13.16666667,682.4,8.133333333,0.0795
WAE020-0041,Blue River,Cider Mill Road,'051201040103',AB50521,6/21/2022,2022 Reference Sites,,676,,,,,,
WAE020-0041,Blue River,Cider Mill Road,'051201040103',AB50783,5/10/2022,2022 Reference Sites,15.3,516,10.4,0.059,,,,
WAE020-0041,Blue River,Cider Mill Road,'051201040103',AB51707,10/4/2022,2022 Reference Sites,,847,,,,,,
WAE020-0041,Blue River,Cider Mill Road,'051201040103',AB52452,9/14/2022,2022 Reference Sites,12.8,813,5.8,0.1,,,,
WAE030-0039,Spring Creek,CR 650 West,'051201040302',AB50426,4/4/2022,2022 Reference Sites,3.5,568,7.3,<.05,2.916666667,633.6,6.6,#DIV/0!
WAE030-0039,Spring Creek,CR 650 West,'051201040302',AB50522,6/20/2022,2022 Reference Sites,,683,,,,,,
WAE030-0039,Spring Creek,CR 650 West,'051201040302',AB50784,5/10/2022,2022 Reference Sites,4,557,9,<.05,,,,
WAE030-0039,Spring Creek,CR 650 West,'051201040302',AB51714,10/3/2022,2022 Reference Sites,,692,,,,,,
WAE030-0039,Spring Creek,CR 650 West,'051201040302',AB52453,9/14/2022,2022 Reference Sites,1.25,668,3.5,<.05,,,,
WAE030-0042,Clear Creek,CR 200 South,'051201040302',AB50427,4/4/2022,2022 Reference Sites,2.6,410.8,6.3,<.05,1.7,540.86,6.933333333,0.09
WAE030-0042,Clear Creek,CR 200 South,'051201040302',AB50785,5/10/2022,2022 Reference Sites,1.25,457.5,8.2,0.09,,,,
WAE030-0042,Clear Creek,CR 200 South,'051201040302',AB51316,6/20/2022,2022 Reference Sites,,581,,,,,,
WAE030-0042,Clear Creek,CR 200 South,'051201040302',AB51717,10/3/2022,2022 Reference Sites,,650,,,,,,
WAE030-0042,Clear Creek,CR 200 South,'051201040302',AB52454,9/13/2022,2022 Reference Sites,1.25,605,6.3,<.05,,,,
WAE070-0020,East Branch Twelve Mile Creek,CR 450 North,'051201040701',AB50428,4/4/2022,2022 Reference Sites,1.25,625,7.1,<.05,2.516666667,646.6,8.3,0.16
WAE070-0020,East Branch Twelve Mile Creek,CR 450 North,'051201040701',AB50523,6/13/2022,2022 Reference Sites,,672,,,,,,
WAE070-0020,East Branch Twelve Mile Creek,CR 450 North,'051201040701',AB50786,5/9/2022,2022 Reference Sites,3.2,618,9.4,<.05,,,,
WAE070-0020,East Branch Twelve Mile Creek,CR 450 North,'051201040701',AB51706,9/26/2022,2022 Reference Sites,,696,,,,,,
WAE070-0020,East Branch Twelve Mile Creek,CR 450 North,'051201040701',AB52455,9/13/2022,2022 Reference Sites,3.1,622,8.4,0.16,,,,
WED-02-0005,Little Blue River,Little Blue Road,'051202040205',AB50184,4/13/2022,2022 Corvallis,,598,,,5.966666667,543.5,2.4,
WED-02-0005,Little Blue River,Little Blue Road,'051202040205',AB50206,4/20/2022,2022 Corvallis,,544,,,,,,
WED-02-0005,Little Blue River,Little Blue Road,'051202040205',AB50228,4/27/2022,2022 Corvallis,,524,,,,,,
WED-02-0005,Little Blue River,Little Blue Road,'051202040205',AB50250,5/4/2022,2022 Corvallis,,519,,,,,,
WED-02-0005,Little Blue River,Little Blue Road,'051202040205',AB50272,5/11/2022,2022 Corvallis,,549,,,,,,
WED-02-0005,Little Blue River,Little Blue Road,'051202040205',AB50449,4/11/2022,2022 Corvallis,3.5,531,2,,,,,
WED-02-0005,Little Blue River,Little Blue Road,'051202040205',AB50515,7/12/2022,2022 Corvallis,,542,,,,,,
WED-02-0005,Little Blue River,Little Blue Road,'051202040205',AB51221,7/5/2022,2022 Corvallis,4.6,544,2.3,<.05,,,,
WED-02-0005,Little Blue River,Little Blue Road,'051202040205',AB51688,8/1/2022,2022 Corvallis,,549,,,,,,
WED-02-0005,Little Blue River,Little Blue Road,'051202040205',AB52472,9/26/2022,2022 Corvallis,9.8,535,2.9,0.052,,,,
WED-03-0004,Brandywine Creek,CR 425 West,'051202040304',AB50176,4/12/2022,2022 Corvallis,,675,,,2.983333333,658.6,2.133333333,
WED-03-0004,Brandywine Creek,CR 425 West,'051202040304',AB50198,4/19/2022,2022 Corvallis,,599,,,,,,
WED-03-0004,Brandywine Creek,CR 425 West,'051202040304',AB50220,4/26/2022,2022 Corvallis,,458,,,,,,
WED-03-0004,Brandywine Creek,CR 425 West,'051202040304',AB50242,5/3/2022,2022 Corvallis,,618,,,,,,
WED-03-0004,Brandywine Creek,CR 425 West,'051202040304',AB50264,5/10/2022,2022 Corvallis,,626,,,,,,
WED-03-0004,Brandywine Creek,CR 425 West,'051202040304',AB50445,4/12/2022,2022 Corvallis,3.7,657,2,,,,,
WED-03-0004,Brandywine Creek,CR 425 West,'051202040304',AB50501,6/7/2022,2022 Corvallis,,637,,,,,,
WED-03-0004,Brandywine Creek,CR 425 West,'051202040304',AB51218,7/5/2022,2022 Corvallis,4,743,2.1,0.16,,,,
WED-03-0004,Brandywine Creek,CR 425 West,'051202040304',AB51663,8/1/2022,2022 Corvallis,,785,,,,,,
WED-03-0004,Brandywine Creek,CR 425 West,'051202040304',AB52471,9/26/2022,2022 Corvallis,1.25,788,2.3,0.25,,,,
WED-04-0004,Sugar Creek,CR 500 East,'051202040402',AB50177,4/13/2022,2022 Corvallis,,628,,,8.1,587.4,2.833333333,
WED-04-0004,Sugar Creek,CR 500 East,'051202040402',AB50199,4/20/2022,2022 Corvallis,,601,,,,,,
WED-04-0004,Sugar Creek,CR 500 East,'051202040402',AB50221,4/27/2022,2022 Corvallis,,546,,,,,,
WED-04-0004,Sugar Creek,CR 500 East,'051202040402',AB50243,5/4/2022,2022 Corvallis,,582,,,,,,
WED-04-0004,Sugar Creek,CR 500 East,'051202040402',AB50265,5/11/2022,2022 Corvallis,,588,,,,,,
WED-04-0004,Sugar Creek,CR 500 East,'051202040402',AB50446,4/11/2022,2022 Corvallis,2.6,580,2.1,<.05,,,,
WED-04-0004,Sugar Creek,CR 500 East,'051202040402',AB50517,6/8/2022,2022 Corvallis,,612,,,,,,
WED-04-0004,Sugar Creek,CR 500 East,'051202040402',AB51219,7/5/2022,2022 Corvallis,4.4,593,3.1,0.068,,,,
WED-04-0004,Sugar Creek,CR 500 East,'051202040402',AB51666,7/20/2022,2022 Corvallis,,551,,,,,,
WED-04-0004,Sugar Creek,CR 500 East,'051202040402',AB52473,9/26/2022,2022 Corvallis,17.3,593,3.3,0.076,,,,
WED-05-0004,Buck Creek,Maze Road,'051202040504',AB50181,4/12/2022,2022 Corvallis,,608,,,7.233333333,617,3.233333333,
WED-05-0004,Buck Creek,Maze Road,'051202040504',AB50203,4/19/2022,2022 Corvallis,,571,,,,,,
WED-05-0004,Buck Creek,Maze Road,'051202040504',AB50225,4/26/2022,2022 Corvallis,,452,,,,,,
WED-05-0004,Buck Creek,Maze Road,'051202040504',AB50247,5/3/2022,2022 Corvallis,,606,,,,,,
WED-05-0004,Buck Creek,Maze Road,'051202040504',AB50269,5/10/2022,2022 Corvallis,,590,,,,,,
WED-05-0004,Buck Creek,Maze Road,'051202040504',AB50440,4/11/2022,2022 Corvallis,4.1,659,2.7,<.05,,,,
WED-05-0004,Buck Creek,Maze Road,'051202040504',AB50484,6/8/2022,2022 Corvallis,,618,,,,,,
WED-05-0004,Buck Creek,Maze Road,'051202040504',AB51213,7/6/2022,2022 Corvallis,3.5,700,3.1,0.082,,,,
WED-05-0004,Buck Creek,Maze Road,'051202040504',AB51652,7/11/2022,2022 Corvallis,,756,,,,,,
WED-05-0004,Buck Creek,Maze Road,'051202040504',AB52469,9/28/2022,2022 Corvallis,14.1,610,3.9,0.055,,,,
WED-05-0004,Buck Creek,Maze Road,'051202040504',AC37291,8/22/2023,2022 Corvallis,,589,,,,,,
WED-06-0007,Youngs Creek,Old US 31,'051202040604',AB50179,4/12/2022,2022 Corvallis,,690,,,4.25,768.4,4.533333333,
WED-06-0007,Youngs Creek,Old US 31,'051202040604',AB50201,4/19/2022,2022 Corvallis,,662,,,,,,
WED-06-0007,Youngs Creek,Old US 31,'051202040604',AB50223,4/26/2022,2022 Corvallis,,495,,,,,,
WED-06-0007,Youngs Creek,Old US 31,'051202040604',AB50245,5/3/2022,2022 Corvallis,,624,,,,,,
WED-06-0007,Youngs Creek,Old US 31,'051202040604',AB50267,5/10/2022,2022 Corvallis,,689,,,,,,
WED-06-0007,Youngs Creek,Old US 31,'051202040604',AB50447,4/12/2022,2022 Corvallis,7.2,707,2.9,,,,,
WED-06-0007,Youngs Creek,Old US 31,'051202040604',AB50518,7/26/2022,2022 Corvallis,,817,,,,,,
WED-06-0007,Youngs Creek,Old US 31,'051202040604',AB51220,7/6/2022,2022 Corvallis,4.3,1055,5.8,0.33,,,,
WED-06-0007,Youngs Creek,Old US 31,'051202040604',AB51667,7/11/2022,2022 Corvallis,,907,,,,,,
WED-06-0007,Youngs Creek,Old US 31,'051202040604',AB52474,9/27/2022,2022 Corvallis,1.25,1038,4.9,0.47,,,,
WED-07-0004,Sugar Creek,Sugar Creek Road,'051202040704',AB50192,4/12/2022,2022 Corvallis,,600,,,4.266666667,578.3,2.333333333,
WED-07-0004,Sugar Creek,Sugar Creek Road,'051202040704',AB50214,4/19/2022,2022 Corvallis,,573,,,,,,
WED-07-0004,Sugar Creek,Sugar Creek Road,'051202040704',AB50236,4/26/2022,2022 Corvallis,,364,,,,,,
WED-07-0004,Sugar Creek,Sugar Creek Road,'051202040704',AB50258,5/3/2022,2022 Corvallis,,575,,,,,,
WED-07-0004,Sugar Creek,Sugar Creek Road,'051202040704',AB50280,5/10/2022,2022 Corvallis,,566,,,,,,
WED-07-0004,Sugar Creek,Sugar Creek Road,'051202040704',AB50442,4/12/2022,2022 Corvallis,5.9,587,2,<.05,,,,
WED-07-0004,Sugar Creek,Sugar Creek Road,'051202040704',AB50483,7/25/2022,2022 Corvallis,,638,,,,,,
WED-07-0004,Sugar Creek,Sugar Creek Road,'051202040704',AB51215,7/5/2022,2022 Corvallis,4,586,2.3,0.074,,,,
WED-07-0004,Sugar Creek,Sugar Creek Road,'051202040704',AB51656,7/11/2022,2022 Corvallis,,691,,,,,,
WED-07-0004,Sugar Creek,Sugar Creek Road,'051202040704',AB52468,9/28/2022,2022 Corvallis,2.9,603,2.7,<.05,,,,
WED-07-0005,Snail Creek,CR 500 West,'051202040701',AB50174,4/12/2022,2022 Corvallis,,619,,,3.666666667,585.9,2.1,
WED-07-0005,Snail Creek,CR 500 West,'051202040701',AB50196,4/19/2022,2022 Corvallis,,592,,,,,,
WED-07-0005,Snail Creek,CR 500 West,'051202040701',AB50218,4/26/2022,2022 Corvallis,,379,,,,,,
WED-07-0005,Snail Creek,CR 500 West,'051202040701',AB50240,5/3/2022,2022 Corvallis,,551,,,,,,
WED-07-0005,Snail Creek,CR 500 West,'051202040701',AB50262,5/10/2022,2022 Corvallis,,566,,,,,,
WED-07-0005,Snail Creek,CR 500 West,'051202040701',AB50443,4/11/2022,2022 Corvallis,3.1,601,1.9,,,,,
WED-07-0005,Snail Creek,CR 500 West,'051202040701',AB50478,6/7/2022,2022 Corvallis,,639,,,,,,
WED-07-0005,Snail Creek,CR 500 West,'051202040701',AB51216,7/5/2022,2022 Corvallis,3.3,664,2.3,0.063,,,,
WED-07-0005,Snail Creek,CR 500 West,'051202040701',AB51658,8/1/2022,2022 Corvallis,,549,,,,,,
WED-07-0005,Snail Creek,CR 500 West,'051202040701',AB52467,9/28/2022,2022 Corvallis,4.6,699,2.1,0.16,,,,
WED-08-0006,Sixmile Creek,CR 900 West,'051202040802',AB50186,4/13/2022,2022 Corvallis,,652,,,5.116666667,579.4,2.6,
WED-08-0006,Sixmile Creek,CR 900 West,'051202040802',AB50208,4/20/2022,2022 Corvallis,,601,,,,,,
WED-08-0006,Sixmile Creek,CR 900 West,'051202040802',AB50230,4/27/2022,2022 Corvallis,,541,,,,,,
WED-08-0006,Sixmile Creek,CR 900 West,'051202040802',AB50252,5/4/2022,2022 Corvallis,,448,,,,,,
WED-08-0006,Sixmile Creek,CR 900 West,'051202040802',AB50274,5/11/2022,2022 Corvallis,,562,,,,,,
WED-08-0006,Sixmile Creek,CR 900 West,'051202040802',AB50450,4/11/2022,2022 Corvallis,6.8,574,2.9,,,,,
WED-08-0006,Sixmile Creek,CR 900 West,'051202040802',AB50497,6/6/2022,2022 Corvallis,,603,,,,,,
WED-08-0006,Sixmile Creek,CR 900 West,'051202040802',AB51222,7/5/2022,2022 Corvallis,1.25,603,2.8,<.05,,,,
WED-08-0006,Sixmile Creek,CR 900 West,'051202040802',AB51681,7/18/2022,2022 Corvallis,,593,,,,,,
WED-08-0006,Sixmile Creek,CR 900 West,'051202040802',AB52478,9/26/2022,2022 Corvallis,7.3,617,2.1,<.05,,,,
WED-09-0003,Lick Creek,CR 625 North,'051202040903',AB50188,4/11/2022,2022 Corvallis,,267.6,,,4.3,355.2,2.033333333,
WED-09-0003,Lick Creek,CR 625 North,'051202040903',AB50210,4/18/2022,2022 Corvallis,,226,,,,,,
WED-09-0003,Lick Creek,CR 625 North,'051202040903',AB50232,4/25/2022,2022 Corvallis,,267,,,,,,
WED-09-0003,Lick Creek,CR 625 North,'051202040903',AB50254,5/2/2022,2022 Corvallis,,275,,,,,,
WED-09-0003,Lick Creek,CR 625 North,'051202040903',AB50276,5/9/2022,2022 Corvallis,,244,,,,,,
WED-09-0003,Lick Creek,CR 625 North,'051202040903',AB50472,4/20/2022,2022 Corvallis,3.2,233.3,2.7,<.05,,,,
WED-09-0003,Lick Creek,CR 625 North,'051202040903',AB50496,7/7/2022,2022 Corvallis,,492.1,,,,,,
WED-09-0003,Lick Creek,CR 625 North,'051202040903',AB51223,7/6/2022,2022 Corvallis,7.1,509,1.5,<.05,,,,
WED-09-0003,Lick Creek,CR 625 North,'051202040903',AB51680,7/11/2022,2022 Corvallis,,534,,,,,,
WED-09-0003,Lick Creek,CR 625 North,'051202040903',AB52477,9/27/2022,2022 Corvallis,2.6,504,1.9,<.05,,,,
WEF-03-0003,Mud Creek,CR 450 West,'051202050301',AB50175,4/13/2022,2022 Corvallis,,625,,,2.65,584.6,2.4,
WEF-03-0003,Mud Creek,CR 450 West,'051202050301',AB50197,4/20/2022,2022 Corvallis,,588,,,,,,
WEF-03-0003,Mud Creek,CR 450 West,'051202050301',AB50219,4/27/2022,2022 Corvallis,,654,,,,,,
WEF-03-0003,Mud Creek,CR 450 West,'051202050301',AB50241,5/4/2022,2022 Corvallis,,575,,,,,,
WEF-03-0003,Mud Creek,CR 450 West,'051202050301',AB50263,5/11/2022,2022 Corvallis,,582,,,,,,
WEF-03-0003,Mud Creek,CR 450 West,'051202050301',AB50444,4/11/2022,2022 Corvallis,1.25,539,1.8,,,,,
WEF-03-0003,Mud Creek,CR 450 West,'051202050301',AB50488,6/6/2022,2022 Corvallis,,610,,,,,,
WEF-03-0003,Mud Creek,CR 450 West,'051202050301',AB51217,7/5/2022,2022 Corvallis,2.6,610,2,<.05,,,,
WEF-03-0003,Mud Creek,CR 450 West,'051202050301',AB51662,7/18/2022,2022 Corvallis,,530,,,,,,
WEF-03-0003,Mud Creek,CR 450 West,'051202050301',AB52465,9/26/2022,2022 Corvallis,4.1,533,3.4,<.05,,,,
WEF-06-0005,Flatrock River,Garden Street,'051202050606',AB50180,4/11/2022,2022 Corvallis,,590,,,14.06666667,593.1,2.133333333,
WEF-06-0005,Flatrock River,Garden Street,'051202050606',AB50202,4/18/2022,2022 Corvallis,,521,,,,,,
WEF-06-0005,Flatrock River,Garden Street,'051202050606',AB50224,4/25/2022,2022 Corvallis,,634,,,,,,
WEF-06-0005,Flatrock River,Garden Street,'051202050606',AB50246,5/2/2022,2022 Corvallis,,565,,,,,,
WEF-06-0005,Flatrock River,Garden Street,'051202050606',AB50268,5/9/2022,2022 Corvallis,,534,,,,,,
WEF-06-0005,Flatrock River,Garden Street,'051202050606',AB50471,4/20/2022,2022 Corvallis,13.1,560,2.2,<.05,,,,
WEF-06-0005,Flatrock River,Garden Street,'051202050606',AB50500,7/27/2022,2022 Corvallis,,614,,,,,,
WEF-06-0005,Flatrock River,Garden Street,'051202050606',AB51235,7/11/2022,2022 Corvallis,17.6,603,2.1,0.1,,,,
WEF-06-0005,Flatrock River,Garden Street,'051202050606',AB51671,10/5/2022,2022 Corvallis,,655,,,,,,
WEF-06-0005,Flatrock River,Garden Street,'051202050606',AB52506,10/3/2022,2022 Corvallis,11.5,655,2.1,<.05,,,,
WEF-06-0006,Flatrock River,South Columbus Road,'051202050601',AB50190,4/12/2022,2022 Corvallis,,531,,,8.9,528.2,2.5,
WEF-06-0006,Flatrock River,South Columbus Road,'051202050601',AB50212,4/19/2022,2022 Corvallis,,552,,,,,,
WEF-06-0006,Flatrock River,South Columbus Road,'051202050601',AB50234,4/26/2022,2022 Corvallis,,592,,,,,,
WEF-06-0006,Flatrock River,South Columbus Road,'051202050601',AB50256,5/3/2022,2022 Corvallis,,520,,,,,,
WEF-06-0006,Flatrock River,South Columbus Road,'051202050601',AB50278,5/10/2022,2022 Corvallis,,539,,,,,,
WEF-06-0006,Flatrock River,South Columbus Road,'051202050601',AB50452,4/12/2022,2022 Corvallis,13.6,518,1.8,,,,,
WEF-06-0006,Flatrock River,South Columbus Road,'051202050601',AB50514,7/25/2022,2022 Corvallis,,512,,,,,,
WEF-06-0006,Flatrock River,South Columbus Road,'051202050601',AB51225,7/5/2022,2022 Corvallis,7.8,508,2.7,0.066,,,,
WEF-06-0006,Flatrock River,South Columbus Road,'051202050601',AB51880,7/26/2022,2022 Corvallis,,528,,,,,,
WEF-06-0006,Flatrock River,South Columbus Road,'051202050601',AB52479,9/27/2022,2022 Corvallis,5.3,482,3,<.05,,,,
WEL-02-0003,Clear Spring Creek,CR 200 North,'051202080202',AB50288,5/17/2022,2022 Corvallis,,153,,,12.65,167.8,1.333333333,
WEL-02-0003,Clear Spring Creek,CR 200 North,'051202080202',AB50310,5/24/2022,2022 Corvallis,,139,,,,,,
WEL-02-0003,Clear Spring Creek,CR 200 North,'051202080202',AB50332,5/30/2022,2022 Corvallis,,157.6,,,,,,
WEL-02-0003,Clear Spring Creek,CR 200 North,'051202080202',AB50354,6/7/2022,2022 Corvallis,,164.6,,,,,,
WEL-02-0003,Clear Spring Creek,CR 200 North,'051202080202',AB50376,6/14/2022,2022 Corvallis,,180.2,,,,,,
WEL-02-0003,Clear Spring Creek,CR 200 North,'051202080202',AB50401,4/5/2022,2022 Corvallis,1.25,135.4,1.2,<.05,,,,
WEL-02-0003,Clear Spring Creek,CR 200 North,'051202080202',AB50493,6/15/2022,2022 Corvallis,,188.7,,,,,,
WEL-02-0003,Clear Spring Creek,CR 200 North,'051202080202',AB51201,6/28/2022,2022 Corvallis,19.6,173.2,1.4,<.05,,,,
WEL-02-0003,Clear Spring Creek,CR 200 North,'051202080202',AB51669,7/12/2022,2022 Corvallis,,182.1,,,,,,
WEL-02-0003,Clear Spring Creek,CR 200 North,'051202080202',AB52484,9/12/2022,2022 Corvallis,17.1,204.2,1.4,0.11,,,,
WEL-04-0005,South Fork Salt Creek,CR 1190 West,'051202080404',AB50297,5/17/2022,2022 Corvallis,,159,,,12.86666667,171.3,2.966666667,
WEL-04-0005,South Fork Salt Creek,CR 1190 West,'051202080404',AB50319,5/24/2022,2022 Corvallis,,142.4,,,,,,
WEL-04-0005,South Fork Salt Creek,CR 1190 West,'051202080404',AB50341,5/30/2022,2022 Corvallis,,142.4,,,,,,
WEL-04-0005,South Fork Salt Creek,CR 1190 West,'051202080404',AB50363,6/7/2022,2022 Corvallis,,161.6,,,,,,
WEL-04-0005,South Fork Salt Creek,CR 1190 West,'051202080404',AB50385,6/14/2022,2022 Corvallis,,174.3,,,,,,
WEL-04-0005,South Fork Salt Creek,CR 1190 West,'051202080404',AB50400,4/5/2022,2022 Corvallis,5.8,142.5,1.6,<.05,,,,
WEL-04-0005,South Fork Salt Creek,CR 1190 West,'051202080404',AB50491,7/6/2022,2022 Corvallis,,200.3,,,,,,
WEL-04-0005,South Fork Salt Creek,CR 1190 West,'051202080404',AB51207,6/28/2022,2022 Corvallis,24.8,184.4,2.9,<.05,,,,
WEL-04-0005,South Fork Salt Creek,CR 1190 West,'051202080404',AB51678,8/24/2022,2022 Corvallis,,188,,,,,,
WEL-04-0005,South Fork Salt Creek,CR 1190 West,'051202080404',AB52493,10/3/2022,2022 Corvallis,8,218.1,4.4,<.05,,,,
WEL-05-0002,Middle Fork Salt Creek,Combs Road,'051202080503',AB50284,5/17/2022,2022 Corvallis,,154,,,12.1,151.87,,
WEL-05-0002,Middle Fork Salt Creek,Combs Road,'051202080503',AB50306,5/24/2022,2022 Corvallis,,135.5,,,,,,
WEL-05-0002,Middle Fork Salt Creek,Combs Road,'051202080503',AB50328,5/30/2022,2022 Corvallis,,124.6,,,,,,
WEL-05-0002,Middle Fork Salt Creek,Combs Road,'051202080503',AB50350,6/7/2022,2022 Corvallis,,145.9,,,,,,
WEL-05-0002,Middle Fork Salt Creek,Combs Road,'051202080503',AB50372,6/14/2022,2022 Corvallis,,142.3,,,,,,
WEL-05-0002,Middle Fork Salt Creek,Combs Road,'051202080503',AB50394,4/6/2022,2022 Corvallis,14,133.7,2.3,<.05,,,,
WEL-05-0002,Middle Fork Salt Creek,Combs Road,'051202080503',AB50482,6/27/2022,2022 Corvallis,,164.7,,,,,,
WEL-05-0002,Middle Fork Salt Creek,Combs Road,'051202080503',AB51197,6/28/2022,2022 Corvallis,13.2,174.9,3.2,<.05,,,,
WEL-05-0002,Middle Fork Salt Creek,Combs Road,'051202080503',AB51660,7/19/2022,2022 Corvallis,,173.1,,,,,,
WEL-05-0002,Middle Fork Salt Creek,Combs Road,'051202080503',AB52487,9/12/2022,2022 Corvallis,9.1,170,4.1,<.05,,,,
WEL-06-0026,North Fork Salt Creek,Yellowwood Road,'051202080604',AB50292,5/17/2022,2022 Corvallis,,177,,,11.93333333,220.44,,
WEL-06-0026,North Fork Salt Creek,Yellowwood Road,'051202080604',AB50314,5/24/2022,2022 Corvallis,,181.5,,,,,,
WEL-06-0026,North Fork Salt Creek,Yellowwood Road,'051202080604',AB50336,5/30/2022,2022 Corvallis,,159.5,,,,,,
WEL-06-0026,North Fork Salt Creek,Yellowwood Road,'051202080604',AB50358,6/7/2022,2022 Corvallis,,187.8,,,,,,
WEL-06-0026,North Fork Salt Creek,Yellowwood Road,'051202080604',AB50380,6/14/2022,2022 Corvallis,,142.8,,,,,,
WEL-06-0026,North Fork Salt Creek,Yellowwood Road,'051202080604',AB50402,4/6/2022,2022 Corvallis,16.6,160.6,1.9,<.05,,,,
WEL-06-0026,North Fork Salt Creek,Yellowwood Road,'051202080604',AB50499,7/13/2022,2022 Corvallis,,298.5,,,,,,
WEL-06-0026,North Fork Salt Creek,Yellowwood Road,'051202080604',AB51204,6/28/2022,2022 Corvallis,14.2,229.9,2.6,0.05,,,,
WEL-06-0026,North Fork Salt Creek,Yellowwood Road,'051202080604',AB51670,7/19/2022,2022 Corvallis,,311.8,,,,,,
WEL-06-0026,North Fork Salt Creek,Yellowwood Road,'051202080604',AB52494,9/12/2022,2022 Corvallis,5,355,3.4,<.05,,,,
WEL-06-0030,North Fork Salt Creek,Kent Road,'051202080605',AB50286,5/17/2022,2022 Corvallis,,183,,,14.36666667,187.32,,
WEL-06-0030,North Fork Salt Creek,Kent Road,'051202080605',AB50308,5/24/2022,2022 Corvallis,,179.2,,,,,,
WEL-06-0030,North Fork Salt Creek,Kent Road,'051202080605',AB50330,5/30/2022,2022 Corvallis,,152,,,,,,
WEL-06-0030,North Fork Salt Creek,Kent Road,'051202080605',AB50352,6/7/2022,2022 Corvallis,,169.2,,,,,,
WEL-06-0030,North Fork Salt Creek,Kent Road,'051202080605',AB50374,6/14/2022,2022 Corvallis,,128.1,,,,,,
WEL-06-0030,North Fork Salt Creek,Kent Road,'051202080605',AB50395,4/6/2022,2022 Corvallis,12.1,156.6,1.7,<.05,,,,
WEL-06-0030,North Fork Salt Creek,Kent Road,'051202080605',AB50512,6/27/2022,2022 Corvallis,,211.4,,,,,,
WEL-06-0030,North Fork Salt Creek,Kent Road,'051202080605',AB51199,6/28/2022,2022 Corvallis,16.8,217.7,3.3,<.05,,,,
WEL-06-0030,North Fork Salt Creek,Kent Road,'051202080605',AB51665,7/19/2022,2022 Corvallis,,267,,,,,,
WEL-06-0030,North Fork Salt Creek,Kent Road,'051202080605',AB52488,9/12/2022,2022 Corvallis,14.2,209,3.9,0.05,,,,
WEL-09-0005,Indian Creek,Fayetteville Owensburg Road,'051202080904',AB50290,5/18/2022,2022 Corvallis,,320,,,15.23333333,338.91,,
WEL-09-0005,Indian Creek,Fayetteville Owensburg Road,'051202080904',AB50312,5/25/2022,2022 Corvallis,,293.4,,,,,,
WEL-09-0005,Indian Creek,Fayetteville Owensburg Road,'051202080904',AB50334,6/1/2022,2022 Corvallis,,320.6,,,,,,
WEL-09-0005,Indian Creek,Fayetteville Owensburg Road,'051202080904',AB50356,6/8/2022,2022 Corvallis,,350.3,,,,,,
WEL-09-0005,Indian Creek,Fayetteville Owensburg Road,'051202080904',AB50378,6/15/2022,2022 Corvallis,,337.9,,,,,,
WEL-09-0005,Indian Creek,Fayetteville Owensburg Road,'051202080904',AB50398,4/5/2022,2022 Corvallis,3.1,292.3,1.1,<.05,,,,
WEL-09-0005,Indian Creek,Fayetteville Owensburg Road,'051202080904',AB50487,6/29/2022,2022 Corvallis,,361.4,,,,,,
WEL-09-0005,Indian Creek,Fayetteville Owensburg Road,'051202080904',AB51202,6/27/2022,2022 Corvallis,37,376.7,2.1,<.05,,,,
WEL-09-0005,Indian Creek,Fayetteville Owensburg Road,'051202080904',AB51668,7/20/2022,2022 Corvallis,,356.5,,,,,,
WEL-09-0005,Indian Creek,Fayetteville Owensburg Road,'051202080904',AB52483,9/13/2022,2022 Corvallis,5.6,380,2.5,<.05,,,,
WEL-09-0006,Indian Creek,Dillman Road,'051202080906',AB50296,5/18/2022,2022 Corvallis,,309,,,11.16666667,345.74,,
WEL-09-0006,Indian Creek,Dillman Road,'051202080906',AB50318,5/25/2022,2022 Corvallis,,294.8,,,,,,
WEL-09-0006,Indian Creek,Dillman Road,'051202080906',AB50340,6/1/2022,2022 Corvallis,,322.3,,,,,,
WEL-09-0006,Indian Creek,Dillman Road,'051202080906',AB50362,6/8/2022,2022 Corvallis,,351,,,,,,
WEL-09-0006,Indian Creek,Dillman Road,'051202080906',AB50384,6/15/2022,2022 Corvallis,,362,,,,,,
WEL-09-0006,Indian Creek,Dillman Road,'051202080906',AB50403,4/4/2022,2022 Corvallis,10.8,300.1,1.4,<.05,,,,
WEL-09-0006,Indian Creek,Dillman Road,'051202080906',AB50504,6/29/2022,2022 Corvallis,,371.2,,,,,,
WEL-09-0006,Indian Creek,Dillman Road,'051202080906',AB51206,6/27/2022,2022 Corvallis,11.2,383.4,2.5,<.05,,,,
WEL-09-0006,Indian Creek,Dillman Road,'051202080906',AB51684,7/20/2022,2022 Corvallis,,367.6,,,,,,
WEL-09-0006,Indian Creek,Dillman Road,'051202080906',AB52495,9/13/2022,2022 Corvallis,11.5,396,2.6,<.05,,,,
WEL-10-0004,East Fork White River,Old Williams Road,'051202081003',AB50285,5/18/2022,2022 Corvallis,,515,,,36.96666667,454.3333333,,
WEL-10-0004,East Fork White River,Old Williams Road,'051202081003',AB50307,5/25/2022,2022 Corvallis,,318.8,,,,,,
WEL-10-0004,East Fork White River,Old Williams Road,'051202081003',AB50329,6/1/2022,2022 Corvallis,,405.5,,,,,,
WEL-10-0004,East Fork White River,Old Williams Road,'051202081003',AB50351,6/7/2022,2022 Corvallis,,515,,,,,,
WEL-10-0004,East Fork White River,Old Williams Road,'051202081003',AB50373,6/15/2022,2022 Corvallis,,428.8,,,,,,
WEL-10-0004,East Fork White River,Old Williams Road,'051202081003',AB50396,4/5/2022,2022 Corvallis,16.2,523,1.8,<.05,,,,
WEL-10-0004,East Fork White River,Old Williams Road,'051202081003',AB50513,8/24/2022,2022 Corvallis,,485,,,,,,
WEL-10-0004,East Fork White River,Old Williams Road,'051202081003',AB51198,6/29/2022,2022 Corvallis,56.9,448.9,2.1,0.093,,,,
WEL-10-0004,East Fork White River,Old Williams Road,'051202081003',AB52489,9/14/2022,2022 Corvallis,37.8,449,3.4,0.075,,,,
WEL-10-0006,Leatherwood Creek,CR L 150 East,'051202081003',AB50298,5/18/2022,2022 Corvallis,,427,,,2.533333333,387.75,,
WEL-10-0006,Leatherwood Creek,CR L 150 East,'051202081003',AB50320,5/25/2022,2022 Corvallis,,369.6,,,,,,
WEL-10-0006,Leatherwood Creek,CR L 150 East,'051202081003',AB50342,6/1/2022,2022 Corvallis,,368.5,,,,,,
WEL-10-0006,Leatherwood Creek,CR L 150 East,'051202081003',AB50364,6/8/2022,2022 Corvallis,,352.3,,,,,,
WEL-10-0006,Leatherwood Creek,CR L 150 East,'051202081003',AB50386,6/15/2022,2022 Corvallis,,384.7,,,,,,
WEL-10-0006,Leatherwood Creek,CR L 150 East,'051202081003',AB50397,4/5/2022,2022 Corvallis,1.25,344.9,1.3,<.05,,,,
WEL-10-0006,Leatherwood Creek,CR L 150 East,'051202081003',AB50486,6/28/2022,2022 Corvallis,,380.8,,,,,,
WEL-10-0006,Leatherwood Creek,CR L 150 East,'051202081003',AB51208,6/29/2022,2022 Corvallis,1.25,391,1.5,<.05,,,,
WEL-10-0006,Leatherwood Creek,CR L 150 East,'051202081003',AB51677,7/20/2022,2022 Corvallis,,404.7,,,,,,
WEL-10-0006,Leatherwood Creek,CR L 150 East,'051202081003',AB52491,9/14/2022,2022 Corvallis,5.1,454,2,<.05,,,,
WEL-13-0033,Lost River,Powell Valley Road,'051202081307',AB50301,5/18/2022,2022 Corvallis,,386,,,22.96666667,422.4777778,,
WEL-13-0033,Lost River,Powell Valley Road,'051202081307',AB50323,5/25/2022,2022 Corvallis,,385.8,,,,,,
WEL-13-0033,Lost River,Powell Valley Road,'051202081307',AB50345,6/1/2022,2022 Corvallis,,390.2,,,,,,
WEL-13-0033,Lost River,Powell Valley Road,'051202081307',AB50367,6/8/2022,2022 Corvallis,,374.5,,,,,,
WEL-13-0033,Lost River,Powell Valley Road,'051202081307',AB50389,6/15/2022,2022 Corvallis,,462.3,,,,,,
WEL-13-0033,Lost River,Powell Valley Road,'051202081307',AB50393,4/4/2022,2022 Corvallis,21.8,366.5,1.4,<.05,,,,
WEL-13-0033,Lost River,Powell Valley Road,'051202081307',AB50479,8/30/2022,2022 Corvallis,,595,,,,,,
WEL-13-0033,Lost River,Powell Valley Road,'051202081307',AB51196,6/27/2022,2022 Corvallis,26.2,512,2,0.061,,,,
WEL-13-0033,Lost River,Powell Valley Road,'051202081307',AB52485,9/13/2022,2022 Corvallis,20.9,330,4.6,0.085,,,,
WEL-13-0036,Lost River,Windom Road,'051202081308',AB50287,5/18/2022,2022 Corvallis,,400,,,21.23333333,429.72,,
WEL-13-0036,Lost River,Windom Road,'051202081308',AB50309,5/25/2022,2022 Corvallis,,361.2,,,,,,
WEL-13-0036,Lost River,Windom Road,'051202081308',AB50331,6/1/2022,2022 Corvallis,,364.3,,,,,,
WEL-13-0036,Lost River,Windom Road,'051202081308',AB50353,6/8/2022,2022 Corvallis,,397.9,,,,,,
WEL-13-0036,Lost River,Windom Road,'051202081308',AB50375,6/15/2022,2022 Corvallis,,440.6,,,,,,
WEL-13-0036,Lost River,Windom Road,'051202081308',AB50405,4/4/2022,2022 Corvallis,29.7,348.7,1.3,<.05,,,,
WEL-13-0036,Lost River,Windom Road,'051202081308',AB50506,6/28/2022,2022 Corvallis,,483.5,,,,,,
WEL-13-0036,Lost River,Windom Road,'051202081308',AB51200,6/27/2022,2022 Corvallis,18.2,485,2.1,0.061,,,,
WEL-13-0036,Lost River,Windom Road,'051202081308',AB51673,8/24/2022,2022 Corvallis,,543,,,,,,
WEL-13-0036,Lost River,Windom Road,'051202081308',AB52486,9/13/2022,2022 Corvallis,15.8,473,2.7,<.05,,,,
WEL-14-0004,East Fork White River,8th Street,'051202081404',AB50294,5/18/2022,2022 Corvallis,,370,,,25.16666667,387.7111111,,
WEL-14-0004,East Fork White River,8th Street,'051202081404',AB50316,5/25/2022,2022 Corvallis,,304.9,,,,,,
WEL-14-0004,East Fork White River,8th Street,'051202081404',AB50338,6/1/2022,2022 Corvallis,,373.9,,,,,,
WEL-14-0004,East Fork White River,8th Street,'051202081404',AB50360,6/8/2022,2022 Corvallis,,384.1,,,,,,
WEL-14-0004,East Fork White River,8th Street,'051202081404',AB50382,6/15/2022,2022 Corvallis,,393.2,,,,,,
WEL-14-0004,East Fork White River,8th Street,'051202081404',AB50404,4/4/2022,2022 Corvallis,23.1,397.8,2.2,0.061,,,,
WEL-14-0004,East Fork White River,8th Street,'051202081404',AB51205,6/27/2022,2022 Corvallis,24,479.8,2.3,0.05,,,,
WEL-14-0004,East Fork White River,8th Street,'051202081404',AB51685,8/23/2022,2022 Corvallis,,453.7,,,,,,
WEL-14-0004,East Fork White River,8th Street,'051202081404',AB52496,9/13/2022,2022 Corvallis,28.4,332,4,<.05,,,,
WEM-02-0006,Little Graham Creek,H Road,'051202070202',AB50295,5/16/2022,2022 Corvallis,,290,,,2.383333333,273.85,,
WEM-02-0006,Little Graham Creek,H Road,'051202070202',AB50317,5/23/2022,2022 Corvallis,,210.7,,,,,,
WEM-02-0006,Little Graham Creek,H Road,'051202070202',AB50339,5/31/2022,2022 Corvallis,,260.5,,,,,,
WEM-02-0006,Little Graham Creek,H Road,'051202070202',AB50361,6/6/2022,2022 Corvallis,,338.1,,,,,,
WEM-02-0006,Little Graham Creek,H Road,'051202070202',AB50383,6/13/2022,2022 Corvallis,,326.5,,,,,,
WEM-02-0006,Little Graham Creek,H Road,'051202070202',AB50458,4/18/2022,2022 Corvallis,3.2,190.1,5.2,<.05,,,,
WEM-02-0006,Little Graham Creek,H Road,'051202070202',AB50502,9/20/2022,2022 Corvallis,,303,,,,,,
WEM-02-0006,Little Graham Creek,H Road,'051202070202',AB51239,7/11/2022,2022 Corvallis,2.7,231.3,10.1,0.093,,,,
WEM-02-0006,Little Graham Creek,H Road,'051202070202',AB51683,7/26/2022,2022 Corvallis,,288.3,,,,,,
WEM-02-0006,Little Graham Creek,H Road,'051202070202',AB52507,9/19/2022,2022 Corvallis,1.25,300,5.7,0.054,,,,
WEM-06-0018,Big Creek,CR 410 North,'051202070603',AB50300,5/16/2022,2022 Corvallis,,340,,,4,287.17,,
WEM-06-0018,Big Creek,CR 410 North,'051202070603',AB50322,5/23/2022,2022 Corvallis,,268.1,,,,,,
WEM-06-0018,Big Creek,CR 410 North,'051202070603',AB50344,5/31/2022,2022 Corvallis,,306.6,,,,,,
WEM-06-0018,Big Creek,CR 410 North,'051202070603',AB50366,6/6/2022,2022 Corvallis,,121.4,,,,,,
WEM-06-0018,Big Creek,CR 410 North,'051202070603',AB50388,6/13/2022,2022 Corvallis,,299.2,,,,,,
WEM-06-0018,Big Creek,CR 410 North,'051202070603',AB50460,4/18/2022,2022 Corvallis,2.6,294.8,4.4,<.05,,,,
WEM-06-0018,Big Creek,CR 410 North,'051202070603',AB50480,7/5/2022,2022 Corvallis,,352.1,,,,,,
WEM-06-0018,Big Creek,CR 410 North,'051202070603',AB51230,7/11/2022,2022 Corvallis,6.9,255.3,8.2,0.079,,,,
WEM-06-0018,Big Creek,CR 410 North,'051202070603',AB51653,7/25/2022,2022 Corvallis,,312.2,,,,,,
WEM-06-0018,Big Creek,CR 410 North,'051202070603',AB52511,9/19/2022,2022 Corvallis,2.5,322,4.1,<.05,,,,
WEM-06-0019,Neils Creek,CR 990 West,'051202070603',AB50299,5/16/2022,2022 Corvallis,,438.4,,,5.616666667,446.88,,
WEM-06-0019,Neils Creek,CR 990 West,'051202070603',AB50321,5/23/2022,2022 Corvallis,,364.5,,,,,,
WEM-06-0019,Neils Creek,CR 990 West,'051202070603',AB50343,5/31/2022,2022 Corvallis,,417.8,,,,,,
WEM-06-0019,Neils Creek,CR 990 West,'051202070603',AB50365,6/6/2022,2022 Corvallis,,750,,,,,,
WEM-06-0019,Neils Creek,CR 990 West,'051202070603',AB50387,6/13/2022,2022 Corvallis,,381.5,,,,,,
WEM-06-0019,Neils Creek,CR 990 West,'051202070603',AB50459,4/18/2022,2022 Corvallis,12.4,303.5,5.5,0.064,,,,
WEM-06-0019,Neils Creek,CR 990 West,'051202070603',AB50485,6/8/2022,2022 Corvallis,,479.7,,,,,,
WEM-06-0019,Neils Creek,CR 990 West,'051202070603',AB51240,7/11/2022,2022 Corvallis,3.2,441.7,6.4,0.15,,,,
WEM-06-0019,Neils Creek,CR 990 West,'051202070603',AB51676,7/25/2022,2022 Corvallis,,418.7,,,,,,
WEM-06-0019,Neils Creek,CR 990 West,'051202070603',AB52502,9/19/2022,2022 Corvallis,1.25,473,3.8,0.083,,,,
WEM-07-0026,Storm Creek,Base Road,'051202070703',AB50185,4/11/2022,2022 Corvallis,,318.5,,,33.76666667,362.91,,
WEM-07-0026,Storm Creek,Base Road,'051202070703',AB50207,4/18/2022,2022 Corvallis,,323,,,,,,
WEM-07-0026,Storm Creek,Base Road,'051202070703',AB50229,4/25/2022,2022 Corvallis,,342,,,,,,
WEM-07-0026,Storm Creek,Base Road,'051202070703',AB50251,5/2/2022,2022 Corvallis,,404,,,,,,
WEM-07-0026,Storm Creek,Base Road,'051202070703',AB50273,5/9/2022,2022 Corvallis,,421,,,,,,
WEM-07-0026,Storm Creek,Base Road,'051202070703',AB50468,4/19/2022,2022 Corvallis,21.2,283,4.9,0.077,,,,
WEM-07-0026,Storm Creek,Base Road,'051202070703',AB50509,6/8/2022,2022 Corvallis,,361.6,,,,,,
WEM-07-0026,Storm Creek,Base Road,'051202070703',AB51238,7/12/2022,2022 Corvallis,46.6,367.5,5.3,0.082,,,,
WEM-07-0026,Storm Creek,Base Road,'051202070703',AB51687,7/11/2022,2022 Corvallis,,388.5,,,,,,
WEM-07-0026,Storm Creek,Base Road,'051202070703',AB52509,9/21/2022,2022 Corvallis,33.5,420,3.5,0.1,,,,
WEM-08-0010,Ox Ditch,Finley Firehouse Road,'051202070803',AB50291,5/16/2022,2022 Corvallis,,210,,,41.2,255.64,,
WEM-08-0010,Ox Ditch,Finley Firehouse Road,'051202070803',AB50313,5/23/2022,2022 Corvallis,,251.3,,,,,,
WEM-08-0010,Ox Ditch,Finley Firehouse Road,'051202070803',AB50335,5/31/2022,2022 Corvallis,,247.6,,,,,,
WEM-08-0010,Ox Ditch,Finley Firehouse Road,'051202070803',AB50357,6/6/2022,2022 Corvallis,,321.7,,,,,,
WEM-08-0010,Ox Ditch,Finley Firehouse Road,'051202070803',AB50379,6/13/2022,2022 Corvallis,,261.3,,,,,,
WEM-08-0010,Ox Ditch,Finley Firehouse Road,'051202070803',AB50461,4/18/2022,2022 Corvallis,35.2,198.1,6,<.05,,,,
WEM-08-0010,Ox Ditch,Finley Firehouse Road,'051202070803',AB50510,9/19/2022,2022 Corvallis,,276,,,,,,
WEM-08-0010,Ox Ditch,Finley Firehouse Road,'051202070803',AB51236,7/11/2022,2022 Corvallis,10.4,237.5,10.5,0.19,,,,
WEM-08-0010,Ox Ditch,Finley Firehouse Road,'051202070803',AB51674,7/12/2022,2022 Corvallis,,276.9,,,,,,
WEM-08-0010,Ox Ditch,Finley Firehouse Road,'051202070803',AB52510,9/20/2022,2022 Corvallis,78,276,6.1,0.08,,,,
WEM-08-0013,Cammie Thomas Ditch,Waskom Bridge Road,'051202070803',AB50283,5/16/2022,2022 Corvallis,,280,,,15.36666667,253.26,,
WEM-08-0013,Cammie Thomas Ditch,Waskom Bridge Road,'051202070803',AB50305,5/23/2022,2022 Corvallis,,169.6,,,,,,
WEM-08-0013,Cammie Thomas Ditch,Waskom Bridge Road,'051202070803',AB50327,5/31/2022,2022 Corvallis,,251.5,,,,,,
WEM-08-0013,Cammie Thomas Ditch,Waskom Bridge Road,'051202070803',AB50349,6/6/2022,2022 Corvallis,,346,,,,,,
WEM-08-0013,Cammie Thomas Ditch,Waskom Bridge Road,'051202070803',AB50371,6/13/2022,2022 Corvallis,,345,,,,,,
WEM-08-0013,Cammie Thomas Ditch,Waskom Bridge Road,'051202070803',AB50462,4/19/2022,2022 Corvallis,18.6,193.2,5.6,<.05,,,,
WEM-08-0013,Cammie Thomas Ditch,Waskom Bridge Road,'051202070803',AB50481,9/19/2022,2022 Corvallis,,230,,,,,,
WEM-08-0013,Cammie Thomas Ditch,Waskom Bridge Road,'051202070803',AB51233,7/12/2022,2022 Corvallis,19.6,203.7,8.2,0.15,,,,
WEM-08-0013,Cammie Thomas Ditch,Waskom Bridge Road,'051202070803',AB51659,7/12/2022,2022 Corvallis,,258.6,,,,,,
WEM-08-0013,Cammie Thomas Ditch,Waskom Bridge Road,'051202070803',AB52512,9/20/2022,2022 Corvallis,7.9,255,7.2,<.05,,,,
WEM-09-0018,Muscatatuck River,Wheeler Hollow Road,'051202070905',AB50293,5/17/2022,2022 Corvallis,,350,,,64.48333333,289.8333333,,
WEM-09-0018,Muscatatuck River,Wheeler Hollow Road,'051202070905',AB50315,5/24/2022,2022 Corvallis,,182.6,,,,,,
WEM-09-0018,Muscatatuck River,Wheeler Hollow Road,'051202070905',AB50337,5/30/2022,2022 Corvallis,,256.8,,,,,,
WEM-09-0018,Muscatatuck River,Wheeler Hollow Road,'051202070905',AB50359,6/7/2022,2022 Corvallis,,344.2,,,,,,
WEM-09-0018,Muscatatuck River,Wheeler Hollow Road,'051202070905',AB50381,6/14/2022,2022 Corvallis,,339.5,,,,,,
WEM-09-0018,Muscatatuck River,Wheeler Hollow Road,'051202070905',AB50464,4/19/2022,2022 Corvallis,44.2,200.1,6.6,0.079,,,,
WEM-09-0018,Muscatatuck River,Wheeler Hollow Road,'051202070905',AB50507,9/28/2022,2022 Corvallis,,375,,,,,,
WEM-09-0018,Muscatatuck River,Wheeler Hollow Road,'051202070905',AB51237,7/12/2022,2022 Corvallis,1.25,290.3,6.3,0.15,,,,
WEM-09-0018,Muscatatuck River,Wheeler Hollow Road,'051202070905',AB52497,9/14/2022,2022 Corvallis,148,270,5.4,0.13,,,,
WEU-01-0002,Clifty Creek,CR 50 South,'051202060104',AB50187,4/12/2022,2022 Corvallis,,511,,,4.35,503.11,,
WEU-01-0002,Clifty Creek,CR 50 South,'051202060104',AB50209,4/19/2022,2022 Corvallis,,528,,,,,,
WEU-01-0002,Clifty Creek,CR 50 South,'051202060104',AB50231,4/26/2022,2022 Corvallis,,561,,,,,,
WEU-01-0002,Clifty Creek,CR 50 South,'051202060104',AB50253,5/3/2022,2022 Corvallis,,442,,,,,,
WEU-01-0002,Clifty Creek,CR 50 South,'051202060104',AB50275,5/10/2022,2022 Corvallis,,463,,,,,,
WEU-01-0002,Clifty Creek,CR 50 South,'051202060104',AB50441,4/12/2022,2022 Corvallis,1.25,500,2,<.05,,,,
WEU-01-0002,Clifty Creek,CR 50 South,'051202060104',AB50477,6/14/2022,2022 Corvallis,,551,,,,,,
WEU-01-0002,Clifty Creek,CR 50 South,'051202060104',AB51214,7/6/2022,2022 Corvallis,8.1,474.1,2.6,0.054,,,,
WEU-01-0002,Clifty Creek,CR 50 South,'051202060104',AB51651,8/1/2022,2022 Corvallis,,523,,,,,,
WEU-01-0002,Clifty Creek,CR 50 South,'051202060104',AB52466,9/27/2022,2022 Corvallis,3.7,478,3.1,<.05,,,,
WEU-01-0003,Clifty Creek,CR 100 North,'051202060103',AB50183,4/12/2022,2022 Corvallis,,511,,,5.266666667,507.68,,
WEU-01-0003,Clifty Creek,CR 100 North,'051202060103',AB50205,4/19/2022,2022 Corvallis,,535,,,,,,
WEU-01-0003,Clifty Creek,CR 100 North,'051202060103',AB50227,4/26/2022,2022 Corvallis,,574,,,,,,
WEU-01-0003,Clifty Creek,CR 100 North,'051202060103',AB50249,5/3/2022,2022 Corvallis,,478,,,,,,
WEU-01-0003,Clifty Creek,CR 100 North,'051202060103',AB50271,5/10/2022,2022 Corvallis,,510,,,,,,
WEU-01-0003,Clifty Creek,CR 100 North,'051202060103',AB50448,4/12/2022,2022 Corvallis,3.8,502,2.4,<.05,,,,
WEU-01-0003,Clifty Creek,CR 100 North,'051202060103',AB50498,6/13/2022,2022 Corvallis,,539,,,,,,
WEU-01-0003,Clifty Creek,CR 100 North,'051202060103',AB51647,7/6/2022,2022 Corvallis,9.4,480.2,2.9,0.12,,,,
WEU-01-0003,Clifty Creek,CR 100 North,'051202060103',AB51682,7/18/2022,2022 Corvallis,,450.6,,,,,,
WEU-01-0003,Clifty Creek,CR 100 North,'051202060103',AB52470,9/27/2022,2022 Corvallis,2.6,497,3.3,<.05,,,,
WEU-02-0003,East Fork White River,Jonesville Road,'051202060205',AB50178,4/11/2022,2022 Corvallis,,590,,,12.8,596.3333333,,
WEU-02-0003,East Fork White River,Jonesville Road,'051202060205',AB50200,4/18/2022,2022 Corvallis,,519,,,,,,
WEU-02-0003,East Fork White River,Jonesville Road,'051202060205',AB50222,4/25/2022,2022 Corvallis,,642,,,,,,
WEU-02-0003,East Fork White River,Jonesville Road,'051202060205',AB50244,5/2/2022,2022 Corvallis,,572,,,,,,
WEU-02-0003,East Fork White River,Jonesville Road,'051202060205',AB50266,5/9/2022,2022 Corvallis,,533,,,,,,
WEU-02-0003,East Fork White River,Jonesville Road,'051202060205',AB50470,4/20/2022,2022 Corvallis,13.8,554,2.4,<.05,,,,
WEU-02-0003,East Fork White River,Jonesville Road,'051202060205',AB50508,9/26/2022,2022 Corvallis,,659,,,,,,
WEU-02-0003,East Fork White River,Jonesville Road,'051202060205',AB51234,7/13/2022,2022 Corvallis,16.9,617,2.1,0.11,,,,
WEU-02-0003,East Fork White River,Jonesville Road,'051202060205',AB52508,10/3/2022,2022 Corvallis,7.7,681,2,<.05,,,,
WEU-03-0042,Sand Creek Tributary,Hendricks Street,'051202060301',AB50189,4/12/2022,2022 Corvallis,,488.4,,,2.816666667,547.43,,
WEU-03-0042,Sand Creek Tributary,Hendricks Street,'051202060301',AB50211,4/19/2022,2022 Corvallis,,603,,,,,,
WEU-03-0042,Sand Creek Tributary,Hendricks Street,'051202060301',AB50233,4/26/2022,2022 Corvallis,,646,,,,,,
WEU-03-0042,Sand Creek Tributary,Hendricks Street,'051202060301',AB50255,5/3/2022,2022 Corvallis,,320,,,,,,
WEU-03-0042,Sand Creek Tributary,Hendricks Street,'051202060301',AB50277,5/10/2022,2022 Corvallis,,633,,,,,,
WEU-03-0042,Sand Creek Tributary,Hendricks Street,'051202060301',AB50451,4/12/2022,2022 Corvallis,4.1,473.3,2.9,,,,,
WEU-03-0042,Sand Creek Tributary,Hendricks Street,'051202060301',AB50495,6/6/2022,2022 Corvallis,,638,,,,,,
WEU-03-0042,Sand Creek Tributary,Hendricks Street,'051202060301',AB51224,7/6/2022,2022 Corvallis,1.25,716,2.4,0.055,,,,
WEU-03-0042,Sand Creek Tributary,Hendricks Street,'051202060301',AB51679,7/18/2022,2022 Corvallis,,337.6,,,,,,
WEU-03-0042,Sand Creek Tributary,Hendricks Street,'051202060301',AB52476,9/27/2022,2022 Corvallis,3.1,619,2.4,0.064,,,,
WEU-04-0005,Spray Creek,CR 200 West,'051202060405',AB50182,4/11/2022,2022 Corvallis,,311.4,,,29.41666667,355.55,,
WEU-04-0005,Spray Creek,CR 200 West,'051202060405',AB50204,4/18/2022,2022 Corvallis,,299,,,,,,
WEU-04-0005,Spray Creek,CR 200 West,'051202060405',AB50226,4/25/2022,2022 Corvallis,,353,,,,,,
WEU-04-0005,Spray Creek,CR 200 West,'051202060405',AB50248,5/2/2022,2022 Corvallis,,356.4,,,,,,
WEU-04-0005,Spray Creek,CR 200 West,'051202060405',AB50270,5/9/2022,2022 Corvallis,,336,,,,,,
WEU-04-0005,Spray Creek,CR 200 West,'051202060405',AB50467,4/19/2022,2022 Corvallis,1.25,273.8,3.5,<.05,,,,
WEU-04-0005,Spray Creek,CR 200 West,'051202060405',AB50519,6/15/2022,2022 Corvallis,,369.9,,,,,,
WEU-04-0005,Spray Creek,CR 200 West,'051202060405',AB51203,6/28/2022,2022 Corvallis,20.5,374.2,2.6,<.05,,,,
WEU-04-0005,Spray Creek,CR 200 West,'051202060405',AB51675,7/12/2022,2022 Corvallis,,425.8,,,,,,
WEU-04-0005,Spray Creek,CR 200 West,'051202060405',AB52490,10/3/2022,2022 Corvallis,66.5,456,4.3,0.082,,,,
WEU-05-0005,East Fork White River,CR 1100 North,'051202060501',AB50173,4/11/2022,2022 Corvallis,,579,,,20.96666667,572.7777778,,
WEU-05-0005,East Fork White River,CR 1100 North,'051202060501',AB50195,4/18/2022,2022 Corvallis,,502,,,,,,
WEU-05-0005,East Fork White River,CR 1100 North,'051202060501',AB50217,4/25/2022,2022 Corvallis,,631,,,,,,
WEU-05-0005,East Fork White River,CR 1100 North,'051202060501',AB50239,5/2/2022,2022 Corvallis,,559,,,,,,
WEU-05-0005,East Fork White River,CR 1100 North,'051202060501',AB50261,5/9/2022,2022 Corvallis,,525,,,,,,
WEU-05-0005,East Fork White River,CR 1100 North,'051202060501',AB50469,4/19/2022,2022 Corvallis,21.5,524,2.6,<.05,,,,
WEU-05-0005,East Fork White River,CR 1100 North,'051202060501',AB51232,7/13/2022,2022 Corvallis,18.7,611,2.1,0.094,,,,
WEU-05-0005,East Fork White River,CR 1100 North,'051202060501',AB51657,8/25/2022,2022 Corvallis,,620,,,,,,
WEU-05-0005,East Fork White River,CR 1100 North,'051202060501',AB52501,9/21/2022,2022 Corvallis,22.7,604,2.4,0.091,,,,
WEU-06-0002,East Fork White River,CR 375 West,'051202060602',AB50302,5/17/2022,2022 Corvallis,,586,,,27.3,482.9333333,,
WEU-06-0002,East Fork White River,CR 375 West,'051202060602',AB50324,5/24/2022,2022 Corvallis,,435.2,,,,,,
WEU-06-0002,East Fork White River,CR 375 West,'051202060602',AB50346,5/30/2022,2022 Corvallis,,427.2,,,,,,
WEU-06-0002,East Fork White River,CR 375 West,'051202060602',AB50368,6/7/2022,2022 Corvallis,,103.8,,,,,,
WEU-06-0002,East Fork White River,CR 375 West,'051202060602',AB50390,6/14/2022,2022 Corvallis,,477.4,,,,,,
WEU-06-0002,East Fork White River,CR 375 West,'051202060602',AB50465,4/19/2022,2022 Corvallis,40.2,489.8,2.8,0.11,,,,
WEU-06-0002,East Fork White River,CR 375 West,'051202060602',AB51231,7/12/2022,2022 Corvallis,23.2,598,2.4,0.064,,,,
WEU-06-0002,East Fork White River,CR 375 West,'051202060602',AB51654,9/27/2022,2022 Corvallis,,629,,,,,,
WEU-06-0002,East Fork White River,CR 375 West,'051202060602',AB52503,9/20/2022,2022 Corvallis,18.5,600,2.6,0.086,,,,
WMI050-0020,Mississinewa River,CR 500 East,'051201030510',AB50435,4/4/2022,2022 Reference Sites,5.2,671,3.4,<.05,20.21666667,659.2,4.966666667,0.33
WMI050-0020,Mississinewa River,CR 500 East,'051201030510',AB50540,7/6/2022,2022 Reference Sites,,662,,,,,,
WMI050-0020,Mississinewa River,CR 500 East,'051201030510',AB50793,5/9/2022,2022 Reference Sites,54.2,440,7.5,0.33,,,,
WMI050-0020,Mississinewa River,CR 500 East,'051201030510',AB51698,10/5/2022,2022 Reference Sites,,751,,,,,,
WMI050-0020,Mississinewa River,CR 500 East,'051201030510',AB52459,10/13/2022,2022 Reference Sites,1.25,772,4,<.05,,,,
WPA010-0034,Ritter Creek,SR 164,'051202090105',AB50420,3/28/2022,2022 Reference Sites,1.25,210.8,1.1,<.05,11.5,295.18,1.333333333,#DIV/0!
WPA010-0034,Ritter Creek,SR 164,'051202090105',AB50539,6/27/2022,2022 Reference Sites,,348.6,,,,,,
WPA010-0034,Ritter Creek,SR 164,'051202090105',AB50624,5/3/2022,2022 Reference Sites,1.25,247.1,1.4,<.05,,,,
WPA010-0034,Ritter Creek,SR 164,'051202090105',AB51720,9/12/2022,2022 Reference Sites,,323.8,,,,,,
WPA010-0034,Ritter Creek,SR 164,'051202090105',AB52526,9/26/2022,2022 Reference Sites,32,345.6,1.5,<.05,,,,
WTI060-0037,Tippecanoe River,CR 125 East,'051201060608',AB50430,4/5/2022,2022 Reference Sites,6.7,564,7.1,<.05,5.216666667,595.2,6.7,0.0505
WTI060-0037,Tippecanoe River,CR 125 East,'051201060608',AB50525,8/23/2022,2022 Reference Sites,,613,,,,,,
WTI060-0037,Tippecanoe River,CR 125 East,'051201060608',AB50788,5/9/2022,2022 Reference Sites,7.7,576,8.1,0.05,,,,
WTI060-0037,Tippecanoe River,CR 125 East,'051201060608',AB51705,9/26/2022,2022 Reference Sites,,629,,,,,,
WTI060-0037,Tippecanoe River,CR 125 East,'051201060608',AB52457,9/12/2022,2022 Reference Sites,1.25,594,4.9,0.051,,,,
WUW-14-0001,Mill Creek,Cooper Road,'051201011404',AB50429,4/4/2022,2022 Reference Sites,1.25,555,1.8,<.05,2.416666667,574.2,2.1,#DIV/0!
WUW-14-0001,Mill Creek,Cooper Road,'051201011404',AB50524,6/20/2022,2022 Reference Sites,,609,,,,,,
WUW-14-0001,Mill Creek,Cooper Road,'051201011404',AB50787,5/9/2022,2022 Reference Sites,3.5,529,2.4,<.05,,,,
WUW-14-0001,Mill Creek,Cooper Road,'051201011404',AB51700,10/5/2022,2022 Reference Sites,,608,,,,,,
WUW-14-0001,Mill Creek,Cooper Road,'051201011404',AB52456,9/13/2022,2022 Reference Sites,2.5,570,2.1,<.05,,,,
,,,,,,,,,,,,,,
,,,,,,,detect limit <2.5,,,,,,,
